id,name,model_id:id,group_id:id,perm_read,perm_write,perm_create,perm_unlink
access_access_rule_admin,access.access.rule.admin,model_access_rule,access_management.access_management_group_admin,1,1,1,1
access_field_access_admin,access.field.access.admin,model_field_access,access_management.access_management_group_admin,1,1,1,1
access_view_node_admin,access.view.node.admin,model_view_node,access_management.access_management_group_admin,1,1,1,1
access_hide_view_node_admin,access.hide.view.node.admin,model_access_hide_view_node,access_management.access_management_group_admin,1,1,1,1
access_restricted_view_admin,access.rule.restricted.view.admin,model_access_rule_restricted_view,access_management.access_management_group_admin,1,1,1,1
access_hidden_report_admin,access.rule.hidden.report.admin,model_access_rule_hidden_report,access_management.access_management_group_admin,1,1,1,1
access_chatter_setting_admin,access.rule.chatter.setting.admin,model_access_rule_chatter_setting,access_management.access_management_group_admin,1,1,1,1
access_ir_rule_admin,access.ir.rule.admin,base.model_ir_rule,access_management.access_management_group_admin,1,1,1,1
access_ir_model_admin,access.ir.model.admin,base.model_ir_model,access_management.access_management_group_admin,1,0,0,0
access_ir_model_fields_admin,access.ir.model.fields.admin,base.model_ir_model_fields,access_management.access_management_group_admin,1,0,0,0
access_ir_ui_view_admin,access.ir.ui.view.admin,base.model_ir_ui_view,access_management.access_management_group_admin,1,0,0,0
access_ir_actions_report_admin,access.ir.actions.report.admin,base.model_ir_actions_report,access_management.access_management_group_admin,1,0,0,0
